Type,Name,Request Count,Failure Count,Median Response Time,Average Response Time,Min Response Time,Max Response Time,Average Content Size,Requests/s,Failures/s,50%,66%,75%,80%,90%,95%,98%,99%,99.9%,99.99%,100%
GET,GET /jobs,253,0,25,26.933786957023166,7.943300006445497,141.8052999943029,931.8221343873518,4.337226215430969,0.0,25,29,34,37,44,54,67,79,140,140,140
GET,GET /jobs/{id},140,0,24,24.822805000959697,9.440099995117635,63.526200014166534,281.0,2.4000461271159517,0.0,24,30,34,35,40,43,44,45,64,64,64
POST,POST /auth/login,10,0,90,91.71396999445278,79.85219999682158,107.26229997817427,225.0,0.17143186622256798,0.0,92,94,98,98,110,110,110,110,110,110,110
POST,POST /auth/register,10,0,160,156.5146899985848,127.24339999840595,182.3844000173267,142.0,0.17143186622256798,0.0,160,170,170,180,180,180,180,180,180,180,180
POST,POST /jobs,58,0,64,59.09758965296125,13.880399987101555,101.17979999631643,282.6551724137931,0.9943048240908943,0.0,64,71,76,78,89,91,92,100,100,100,100
,Aggregated,471,0,26,34.393604246418995,7.943300006445497,182.3844000173267,626.656050955414,8.074440899082951,0.0,26,34,39,44,68,89,130,160,180,180,180
